"","x0","x1","x2","x3","x4","x5","x6","x7","x8","x9","y"
"1",0.0994067813735455,0.738441021181643,0.739822568139061,0.994944026926532,0.483093785587698,0.850070413434878,0.287358158035204,0.853937283391133,0.252563730580732,0.372281519696116,4.63901864798361
"2",0.509636031230912,0.947284938534722,0.795447509270161,0.384605625877157,0.0120666967704892,0.248281993437558,0.904082525055856,0.681425642454997,0.159835333935916,0.717306555015966,3.6383700027834
"3",0.920833270996809,0.473521816777065,0.642837433610111,0.819728712318465,0.415432614972815,0.713674093596637,0.32715090806596,0.768844868056476,0.0244104973971844,0.304990381235257,7.91074285313847
"4",0.273506803438067,0.464463678188622,0.806717482628301,0.323883535340428,0.905674646608531,0.422033509472385,0.230180761544034,0.409143927274272,0.939478580374271,0.641544331796467,7.1398367787662
"5",0.637998330406845,0.509760153479874,0.709964406909421,0.631863958435133,0.592359560076147,0.210955379065126,0.175688144750893,0.3056080841925,0.779291893588379,0.44593525887467,7.14045835452305
"6",0.971976629458368,0.0660338578745723,0.0727811397518963,0.608415849972516,0.71606423985213,0.198639399837703,0.534398975549266,0.139714804943651,0.0484725388232619,0.924456032458693,10.7918788121424
"7",0.6407568550203,0.201617218786851,0.90422341087833,0.645155469188467,0.868789687985554,0.75250021321699,0.0754026584327221,0.869825017871335,0.181056131143123,0.136586606968194,6.07573087407293
"8",0.394411611836404,0.895439384970814,0.924724269891158,0.698913718340918,0.366010050289333,0.581244881730527,0.143252715468407,0.173559877555817,0.0877877443563193,0.513921956997365,4.32055579948449
"9",0.257786219241098,0.498311085160822,0.497684995410964,0.0701228932011873,0.592557413736358,0.607716920785606,0.866039945976809,0.897271247347817,0.37659970857203,0.953990375390276,6.25537203945437
"10",0.288677328731865,0.207019954454154,0.00100096361711621,0.205177724827081,0.598221659660339,0.659890097100288,0.78930260729976,0.86758932704106,0.986838767305017,0.890028760768473,7.89237882046636
"11",0.956774825230241,0.123327843146399,0.329405494965613,0.967585859121755,0.164377262350172,0.693636198528111,0.616875399602577,0.613598463358358,0.91267510689795,0.542164682410657,10.0986905379414
"12",0.846179351676255,0.744714681990445,0.963506459258497,0.19288236182183,0.174279522616416,0.189869223628193,0.357610592618585,0.629420038312674,0.213949213735759,0.52362188603729,6.4500648060539
"13",0.372278954135254,0.383116285549477,0.680179499322549,0.834097920684144,0.264791616238654,0.369243314489722,0.636037989286706,0.166644758544862,0.808882398996502,0.791463209083304,6.05153979384552
"14",0.763871127041057,0.935777465812862,0.461790195200592,0.641107869334519,0.787849156651646,0.506932925665751,0.675966440467164,0.614451976493001,0.777362540364265,0.726185981882736,8.90624932269272
"15",0.504696406424046,0.140696457587183,0.506863589631394,0.387727871304378,0.700304699130356,0.212281954474747,0.963570073945448,0.932609602576122,0.115081212949008,0.201582598499954,5.52737831924671
"16",0.656198972137645,0.00275848712772131,0.544968345435336,0.124148152768612,0.634158435743302,0.695122479693964,0.789284114027396,0.549331202404574,0.276271099690348,0.790977339493111,6.90242422116859
"17",0.597980866208673,0.346100055379793,0.905168733093888,0.591542640933767,0.676230796379969,0.504429589491338,0.258300407556817,0.77640177635476,0.490443062968552,0.50248468411155,6.39410970059848
"18",0.712658096803352,0.552219551522285,0.928270574659109,0.720394233474508,0.921765873208642,0.38894646265544,0.921509438427165,0.86334789940156,0.721228722948581,0.680680911755189,8.09407241336883
"19",0.58874576096423,0.999696503160521,0.648816119879484,0.287561952834949,0.511433668667451,0.759279622463509,0.657128419959918,0.973112268839031,0.124679208034649,0.35129405092448,5.4234565821207
"20",0.680093590868637,0.720109702786431,0.595539624337107,0.913830155041069,0.331059638177976,0.418111741775647,0.869335966184735,0.840337920002639,0.196260331897065,0.264462579973042,5.61172819479957
"21",0.830792731139809,0.301409837789834,0.768655394669622,0.627717897295952,0.411420849151909,0.831758466782048,0.374029561411589,0.704892027191818,0.44044082169421,0.465792533475906,7.52987596911939
"22",0.260512828594074,0.21211583353579,0.88822007807903,0.915660955011845,0.981738379457965,0.505882013589144,0.903212952660397,0.27934984350577,0.929331446764991,0.799789156066254,7.37089301870376
"23",0.986316488822922,0.305329204536974,0.159701374359429,0.927175202406943,0.0434335523750633,0.306945954216644,0.357462270185351,0.54748158575967,0.509127038298175,0.136462043970823,9.1681581008202
"24",0.668012561509386,0.62933232402429,0.736807027598843,0.715947288786992,0.775449315551668,0.303908311761916,0.228132194839418,0.526415264233947,0.356765341479331,0.0146765233948827,6.56678802100645
"25",0.625239373883232,0.201827730517834,0.302640737965703,0.78734884201549,0.406723792431876,0.256832665996626,0.0550669438671321,0.683653422165662,0.624157550744712,0.230637001339346,6.63089310471373
"26",0.824329437920824,0.10959929600358,0.781491022789851,0.0591174012515694,0.183208027388901,0.232574276858941,0.794475472997874,0.563902896828949,0.854338025208563,0.811498301802203,8.07564418271079
"27",0.777490267064422,0.861284436658025,0.120563409756869,0.687316565075889,0.998760844115168,0.115940646966919,0.25665945885703,0.383120029931888,0.660327160032466,0.359111953759566,9.06472239081107
"28",0.413104520412162,0.177717752289027,0.198965794174001,0.48399891750887,0.757152012782171,0.356895093806088,0.20218082354404,0.394812394399196,0.272797296056524,0.476701276144013,6.20401303404524
"29",0.104468222474679,0.840511752525344,0.00676929950714111,0.702978373970836,0.0396537515334785,0.820879831677303,0.734680037014186,0.947700910968706,0.447951574344188,0.00420469371601939,4.12865990990406
"30",0.68687856872566,0.0270485354121774,0.937010758090764,0.0895841531455517,0.934912810800597,0.122397759463638,0.533072466962039,0.629136064089835,0.911344040185213,0.831558314617723,8.54509758735437
"31",0.632520724087954,0.622677994193509,0.175691714277491,0.61251027113758,0.241834853310138,0.915196744492278,0.546229157363996,0.133356228703633,0.400283954339102,0.809119643177837,6.50749382052013
"32",0.747553518041968,0.624621683266014,0.223837649216875,0.255624854238704,0.124036788241938,0.750436923466623,0.50358748738654,0.78753313771449,0.737338860752061,0.527527038007975,7.07294268897911
"33",0.7663166183047,0.327806836459786,0.0633432632312179,0.734742764150724,0.334641758585349,0.796897084917873,0.681324177188799,0.520614150213078,0.76435697847046,0.45972245093435,8.04937144280197
"34",0.655076962197199,0.0937306531704962,0.0441563280764967,0.569864300312474,0.462643095292151,0.984359397552907,0.600775482365862,0.766506345011294,0.724550161510706,0.156958481995389,7.33637860402411
"35",0.450394356856123,0.101981247076765,0.589327416848391,0.989569073542953,0.701962896157056,0.713802919955924,0.76084491959773,0.190763150341809,0.236404350493103,0.290324633242562,5.58724559556465
"36",0.93662728718482,0.77624526550062,0.608427066355944,0.527558543719351,0.780481487279758,0.990259140962735,0.17632154468447,0.914875639136881,0.184792147018015,0.0599000996444374,9.15248785115951
"37",0.657986489124596,0.461982409935445,0.0955731030553579,0.0754980100318789,0.621331858914346,0.698513930197805,0.969229718437418,0.652817924274132,0.220382792409509,0.59803811321035,6.95223597242633
"38",0.934791886480525,0.644789377460256,0.830054923892021,0.321306695695966,0.842723509296775,0.0660875381436199,0.253175538731739,0.318217698251829,0.126106676412746,0.273092094575986,8.95999689108878
"39",0.402544364798814,0.981064276071265,0.734730773372576,0.703857948770747,0.586528023006395,0.53429184993729,0.40855353907682,0.570462453179061,0.17113968776539,0.463041051989421,5.12095092597881
"40",0.722851854050532,0.564238474937156,0.0393880126066506,0.80561031983234,0.920971974730492,0.395062194205821,0.790812467457727,0.44069604575634,0.0292479142080992,0.918908083345741,8.03640897401135
"41",0.541230296716094,0.646098179742694,0.492032064823434,0.218675764044747,0.412569682812318,0.421386461006477,0.649016011506319,0.659136294387281,0.5556444094982,0.662721463711932,6.35679558627815
"42",0.479479316854849,0.72836646437645,0.289559785043821,0.921138413017616,0.9746151806321,0.550845503574237,0.30274936882779,0.053564416244626,0.208868061657995,0.66062135878019,6.70617843878448
"43",0.684861087240279,0.939875646494329,0.753752139396966,0.523488450562581,0.101449050940573,0.977013208903372,0.514927473152056,0.895195187767968,0.825502269202843,0.0632642926648259,5.90597789572689
"44",0.605870995437726,0.0709370449185371,0.812460229266435,0.675136122852564,0.828509323764592,0.522417163476348,0.743617344181985,0.996164555894211,0.998021037783474,0.561083663487807,7.86009973534734
"45",0.706727855373174,0.191342293750495,0.23724652826786,0.0157592133618891,0.0849404949694872,0.00677282200194895,0.979918099474162,0.73555648396723,0.730018977075815,0.735663678031415,6.82614814012561
"46",0.782720577437431,0.849620440974832,0.606659768847749,0.205490200780332,0.103329852921888,0.76598052517511,0.00832905294373631,0.814656525151804,0.988687910139561,0.326292318757623,7.23104960373178
"47",0.215889803599566,0.227677407441661,0.114005267852917,0.165593075100332,0.66322635859251,0.406945881433785,0.791291112313047,0.49866511230357,0.254742252407596,0.148496880894527,5.59312838198421
"48",0.887714888900518,0.435810242081061,0.672762623755261,0.183559139026329,0.435453577199951,0.260026465868577,0.442068082978949,0.062028261134401,0.573328081751242,0.17285675695166,8.46819404858813
"49",0.402012535603717,0.795930232387036,0.187689969781786,0.839332035044208,0.0822194798383862,0.217080574482679,0.526006402913481,0.299787544412538,0.237188990227878,0.584760896395892,4.48564411514482
"50",0.53364150878042,0.703192590270191,0.467981031164527,0.478355892701074,0.813247335376218,0.638101142365485,0.0836701781954616,0.553919474361464,0.679629563121125,0.0655258628539741,6.94631353472247
"51",0.193775739055127,0.841382496524602,0.0250180016737431,0.645763355772942,0.384264374617487,0.774723101174459,0.110786960460246,0.861763832625002,0.973016726784408,0.615392467007041,6.86774374339439
"52",0.91028335574083,0.954871086170897,0.30233432049863,0.781788630178198,0.901464461348951,0.160702948225662,0.0222607038449496,0.398330433294177,0.814061529934406,0.995586772449315,11.4782086768457
"53",0.451061074854806,0.925371633842587,0.494097786024213,0.839261515298858,0.770585634279996,0.104194342624396,0.654343779897317,0.748919464182109,0.362141040619463,0.64916992536746,6.39263393894774
"54",0.0555045022629201,0.983576184371486,0.68062826921232,0.107320048380643,0.940447733504698,0.161894971737638,0.0657336744479835,0.194670202909037,0.150426441803575,0.709227560320869,5.65787777756008
"55",0.865362467709929,0.288115306058899,0.807926659006625,0.358304323861375,0.753076130058616,0.0560763692483306,0.253193388460204,0.51804605149664,0.695311623858288,0.402029362507164,9.0364472703512
"56",0.0650287067983299,0.0570864470209926,0.664353628875688,0.297789356438443,0.862241664202884,0.396503682946786,0.858009566087276,0.638879060512409,0.806192269083112,0.974743555765599,7.31394183752981
"57",0.88772086892277,0.0334904841147363,0.0674519501626492,0.261913296068087,0.0922645865939558,0.975413820240647,0.758257013279945,0.135248529026285,0.725459002424031,0.667938143247738,8.71864855505251
"58",0.702880541561171,0.332549925427884,0.58268796466291,0.457531987689435,0.961814974667504,0.996792619815096,0.521435146452859,0.440538297407329,0.320337412180379,0.714679621392861,7.6744879354828
"59",0.0538027519360185,0.0382730348501354,0.801731738029048,0.454763919347897,0.813488483428955,0.266113420249894,0.979817946441472,0.777658772654831,0.880173179553822,0.216385007603094,6.33752587800621
"60",0.864448173437268,0.470076019875705,0.871245758607984,0.100223483052105,0.16979035991244,0.527887266362086,0.836497385753319,0.532592097762972,0.134373222477734,0.115886196726933,6.32598739250016
"61",0.908993972931057,0.0114505901001394,0.0682571358047426,0.557164350524545,0.173762777121738,0.63158422592096,0.351696918485686,0.745280897710472,0.777028746437281,0.611313839210197,9.39735297259759
"62",0.70834379713051,0.0919075475540012,0.290193708846346,0.661294518737122,0.247873981948942,0.302172596333548,0.374263149918988,0.186877007596195,0.00892961211502552,0.809700088342652,6.07639699072396
"63",0.445124934893101,0.801596770295873,0.986724179238081,0.152371173957363,0.58253324101679,0.397253810195252,0.714612734969705,0.306407742435113,0.381759038660675,0.274694922845811,5.24463567191439
"64",0.665041859960184,0.7794134253636,0.606581986183301,0.560485798632726,0.927291709929705,0.552950400160626,0.629485450219363,0.9022146910429,0.0334974424913526,0.0616768288891762,6.28306562538385
"65",0.833374834153801,0.270567806204781,0.484662699047476,0.0596189259085804,0.233998503768817,0.276941123651341,0.928067851345986,0.309865061193705,0.980933070881292,0.502989002969116,8.48503069649852
"66",0.48109782487154,0.146451172418892,0.178176087094471,0.277382909785956,0.846251561772078,0.236271062633023,0.27576383925043,0.934549867641181,0.229990001302212,0.576623206026852,6.55640477228469
"67",0.818920433754101,0.0695220578927547,0.816973380511627,0.0901240759994835,0.044465473620221,0.407214634120464,0.175148748327047,0.247270980849862,0.911663954844698,0.101495837559924,6.79801448336769
"68",0.588489354820922,0.948546785162762,0.0460932329297066,0.621829148149118,0.707135399803519,0.0803730252664536,0.421229538274929,0.172022143378854,0.334099518368021,0.93159249657765,7.55778948685217
"69",0.505557295866311,0.501556225353852,0.744414219167084,0.819813082925975,0.246547270333394,0.787798939272761,0.394779689144343,0.531183449085802,0.750282615190372,0.985085200052708,6.47287397522573
"70",0.553995314519852,0.0646674011368304,0.537752100499347,0.793556527933106,0.738427371019498,0.26463583484292,0.892266798764467,0.292347323149443,0.0604307753965259,0.830176529241726,6.26730123171013
"71",0.999426115769893,0.00107187428511679,0.764358826447278,0.150357183534652,0.875281951157376,0.604021632578224,0.831464094808325,0.312955820001662,0.95584015827626,0.673197206575423,12.3560361598756
"72",0.0706455649342388,0.833322484279051,0.0736237794626504,0.135434032185003,0.289378073532134,0.948040432995185,0.470984350191429,0.291718726744875,0.581007561646402,0.447580418782309,5.5288466722175
"73",0.281535691581666,0.0202628413680941,0.294691273709759,0.237573737278581,0.386431238614023,0.0855329006444663,0.232186659937724,0.976923883659765,0.660627268720418,0.00415719207376242,5.69914409239002
"74",0.409759900067002,0.83726828917861,0.790697468444705,0.212686259765178,0.80362194031477,0.00449655251577497,0.333832704927772,0.742470917990431,0.0244314267765731,0.888045458588749,5.7531910639187
"75",0.7465321556665,0.237906018504873,0.933592991437763,0.276123651536182,0.972730627283454,0.127704888116568,0.0894839109387249,0.260762284277007,0.0297668266575783,0.944421348627657,7.46423792883077
"76",0.455315504223108,0.459246420767158,0.839510293677449,0.0798291782848537,0.416058299597353,0.665496380534023,0.0766495736315846,0.892285049427301,0.843502870993689,0.506511326646432,6.16031589098172
"77",0.710494994418696,0.978323473129421,0.913231666432694,0.121132919332013,0.0364113075193018,0.864990449510515,0.724315451458097,0.867067006183788,0.0250621642917395,0.411803857190534,4.09967788243614
"78",0.998419947223738,0.261187474941835,0.857420183252543,0.467586109880358,0.342322160955518,0.489354476099834,0.764922715025023,0.264414495788515,0.313493558205664,0.9050257736817,10.2730613571548
"79",0.289340338902548,0.657495385734364,0.585105246631429,0.871781520778313,0.774991342332214,0.597627524985,0.986593936802819,0.498575175879523,0.186837255256251,0.663431843742728,5.68792291011671
"80",0.667744689621031,0.0280482906382531,0.189743184484541,0.146106588887051,0.62666207854636,0.0798483616672456,0.921196516836062,0.224179379176348,0.470728263724595,0.649311558809131,7.49112446946767
"81",0.410820161690935,0.724649030249566,0.247455989243463,0.526878784177825,0.979167343350127,0.639320898801088,0.214462210889906,0.14735577092506,0.714139039861038,0.221979681402445,7.21456084073173
"82",0.488358743255958,0.62174659059383,0.853448113892227,0.248688848456368,0.0517540231812745,0.777310641715303,0.691482651745901,0.897569382097572,0.707093194127083,0.270430715056136,4.5252777737737
"83",0.41596901207231,0.927235056180507,0.094789796276018,0.115463645663112,0.654521378222853,0.91748847044073,0.194485068786889,0.424839861690998,0.260406988207251,0.256639332976192,5.94148144952278
"84",0.317491565132514,0.0845062308944762,0.479016539640725,0.251796036493033,0.225782088702545,0.975095054833218,0.767544725909829,0.862899098778144,0.683082018280402,0.532201043562964,5.45195390337737
"85",0.131437269505113,0.874005412915722,0.787752749864012,0.1010822635144,0.0359213899355382,0.799937480129302,0.603871353901923,0.406516701448709,0.729583692271262,0.330333097605035,4.02026455244064
"86",0.220230490434915,0.166469339281321,0.819025159813464,0.00833090511150658,0.67920919158496,0.293997677741572,0.237131766043603,0.467571147019044,0.348525864072144,0.0054192403331399,5.09447127689518
"87",0.827485755085945,0.05178003013134,0.387410320807248,0.076003709807992,0.913738911040127,0.398812931030989,0.324344736291096,0.358309058705345,0.0850264169275761,0.0258147045969963,7.88923738173538
"88",0.817620566813275,0.303525061579421,0.320492129540071,0.255640065995976,0.350903354119509,0.00458496017381549,0.547057673102245,0.307721232296899,0.887459991266951,0.603301297174767,8.72743586146458
"89",0.155261106789112,0.244921109639108,0.508700588950887,0.594626048812643,0.549411093117669,0.545739146880805,0.543931151973084,0.755542045226321,0.470102405641228,0.391373260412365,5.49443246757974
"90",0.194549953332171,0.348594089737162,0.0989275227766484,0.876767351757735,0.408675971673802,0.913289305521175,0.849039979511872,0.396877418505028,0.457453266950324,0.781935323961079,6.05769857264159
"91",0.674196976236999,0.683359129587188,0.789787334157154,0.272100921487436,0.681824568193406,0.294181241421029,0.221953601110727,0.632944992044941,0.434616934973747,0.144814921310171,6.56281036138733
"92",0.614258750574663,0.0519916203338653,0.281907987315208,0.141881556250155,0.907344148494303,0.228393919300288,0.78440015995875,0.618093349272385,0.23000776511617,0.690460255602375,7.17863679255406
"93",0.300291044870391,0.562545002903789,0.169427224202082,0.29709453205578,0.827064945129678,0.487025699112564,0.850243858061731,0.217795536154881,0.543915868038312,0.668168779462576,6.92256796655691
"94",0.853751823538914,0.98389953142032,0.275982033926994,0.677048850804567,0.412889435654506,0.369457781780511,0.840339828515425,0.740316960960627,0.790755124529824,0.761842743493617,9.35441174200888
"95",0.555547399213538,0.917801378061995,0.986786397174001,0.498877171194181,0.178486424731091,0.256129542598501,0.501321658026427,0.133044628193602,0.750266789924353,0.0345660194288939,5.21451293971923
"96",0.434813785599545,0.633322194684297,0.102620591176674,0.807147439336404,0.13166547450237,0.341405132086948,0.16914745583199,0.662356362678111,0.909987582126632,0.852651823777705,6.59710404042184
"97",0.640579510480165,0.996389241423458,0.176027646521106,0.357738975901157,0.107731437543407,0.120301820570603,0.0755502164829522,0.946379668079317,0.7621115592774,0.283363417722285,6.206943913226
"98",0.614248462952673,0.672427095472813,0.282364581013098,0.000585734378546476,0.014191645430401,0.785088083939627,0.70820202305913,0.758863783441484,0.146555297542363,0.895834152121097,4.8367637391054
"99",0.511328615946695,0.784550860757008,0.210148240206763,0.614664372988045,0.211472697556019,0.809484416851774,0.0649689845740795,0.957617784617469,0.861892513232306,0.137003926327452,6.18313823278042
"100",0.0249567674472928,0.145569504238665,0.703935266472399,0.990348089719191,0.316424865042791,0.905685594072565,0.0259579159319401,0.726832636166364,0.0727500470820814,0.298637388506904,3.82950061010402
"101",0.615127090131864,0.528493324993178,0.0124907663557678,0.25511044380255,0.0316476682201028,0.303429604740813,0.58083703671582,0.495843996759504,0.381918712519109,0.465278072515503,5.16316917161696
"102",0.0617751656100154,0.603365693474188,0.83095940342173,0.470131949288771,0.05435009021312,0.722295751562342,0.403923965524882,0.340092677390203,0.332965955603868,0.734043448697776,3.70420448377937
"103",0.420943023636937,0.0824205973185599,0.0463500064797699,0.0293689367827028,0.895736332517117,0.522929327562451,0.208425524877384,0.594781801337376,0.850393513450399,0.221665280638263,7.57383312721113
"104",0.311715502524748,0.707411104347557,0.533455763710663,0.239329675445333,0.664591697975993,0.27788274991326,0.432909828610718,0.915606548078358,0.780414604116231,0.742070662556216,6.87166099040192
"105",0.886042712954804,0.36028682324104,0.629348017275333,0.938200722448528,0.52246993756853,0.0938547172117978,0.0468787010759115,0.455909569980577,0.191968793747947,0.459730334347114,8.09568163268997
"106",0.0630467121955007,0.438334557926282,0.190619800239801,0.00691972207278013,0.0827922755852342,0.793761941138655,0.685803084168583,0.253485887311399,0.5217589372769,0.484596085501835,4.57718016434124
"107",0.502371858805418,0.217503258958459,0.826245780335739,0.107553646434098,0.388645163271576,0.60003695404157,0.903231089236215,0.879711694549769,0.64265226945281,0.261357889277861,5.64642157849512
"108",0.0201097570825368,0.643302846234292,0.633156208787113,0.896258061984554,0.995177721604705,0.935217979364097,0.934737900272012,0.674175432184711,0.545048117171973,0.438024182105437,6.25013572364963
"109",0.00955810653977096,0.0899845089297742,0.774077383102849,0.494671816006303,0.717436200939119,0.679736738326028,0.0992672189604491,0.809824304422364,0.977405741345137,0.118441294180229,6.34141077729291
"110",0.57371153216809,0.698053752304986,0.70857521565631,0.363287875428796,0.636779244290665,0.308869472006336,0.624665040057153,0.860626763198525,0.240773581666872,0.678553595207632,6.1204041728549
"111",0.77120295050554,0.891180432634428,0.972700071055442,0.861679687397555,0.926580792758614,0.351556199602783,0.648344019427896,0.200716164661571,0.675049178069457,0.448657290777192,8.16140839391515
"112",0.569983332883567,0.916701189940795,0.440125296358019,0.957176077179611,0.449332518735901,0.079614081652835,0.12195946322754,0.831648837542161,0.296659263316542,0.352502976544201,5.76600465357964
"113",0.60085006733425,0.238947975914925,0.508887589909136,0.232062432682142,0.463429467985407,0.384827753296122,0.580091739539057,0.203179591335356,0.53090690029785,0.71467795711942,6.71203266885923
"114",0.881032895995304,0.163257725071162,0.151489524403587,0.844255884177983,0.618005915079266,0.766984307207167,0.285120668588206,0.97032457543537,0.916832107584924,0.533022637944669,10.2136332628257
"115",0.759001822210848,0.147843848215416,0.134779642568901,0.869276745477691,0.227347087115049,0.897720190230757,0.764179599704221,0.463486924301833,0.415392501279712,0.63068211148493,7.10238104725803
"116",0.959919852670282,0.0241687495727092,0.99755800771527,0.785174602875486,0.135886018630117,0.0586159115191549,0.445961116580293,0.314196114195511,0.738460747292265,0.438698414014652,8.93877441341363
"117",0.00180746871046722,0.459048626245931,0.0404216933529824,0.337175865424797,0.820078542688861,0.18386470596306,0.165165638783947,0.225596675416455,0.453605031128973,0.785651076119393,6.79358546112843
"118",0.404138047946617,0.825175295583904,0.390054679708555,0.192351261852309,0.279551104642451,0.180335771292448,0.421446392312646,0.775856973603368,0.842795404838398,0.0260316350031644,5.8858507588207
"119",0.096013716654852,0.870777457486838,0.787399849621579,0.337702433345839,0.348275288706645,0.955728446831927,0.0621059730183333,0.488235061056912,0.0137110780924559,0.775177064118907,4.26015201273127
"120",0.763381285592914,0.675493830116466,0.69048910588026,0.364835870219395,0.388180335517973,0.381018456071615,0.381455893162638,0.577807052759454,0.18325036810711,0.0790053931996226,6.17094204243181
"121",0.104270863346756,0.144906009081751,0.242336706025526,0.915750904940069,0.302267091348767,0.425625946139917,0.107344910968095,0.00904408819042146,0.955525125842541,0.397230934584513,6.12620741919001
"122",0.758078545331955,0.398176851682365,0.98360183602199,0.477341334801167,0.725083767902106,0.321429684525356,0.687082671793178,0.0623336439020932,0.220114689553156,0.805903979809955,7.24439250762744
"123",0.624785399064422,0.517448824131861,0.509304033592343,0.605066224234179,0.262178535107523,0.168609153712168,0.175838910974562,0.0452652326785028,0.122926885029301,0.635503468103707,5.39371973023435
"124",0.705513381399214,0.615829519927502,0.226535747991875,0.211394174722955,0.991167449392378,0.215238269651309,0.111636227928102,0.424441088689491,0.488194198347628,0.900315018137917,8.72658379498563
"125",0.302234642440453,0.215582886943594,0.155978522961959,0.933973629027605,0.846043636091053,0.737531047780067,0.71872617281042,0.8060083668679,0.592258696677163,0.288303618086502,6.702716208755
"126",0.729110748274252,0.111135645769536,0.701013343175873,0.842303845100105,0.496078829048201,0.491437310585752,0.371226706309244,0.554875451140106,0.778142493218184,0.0949837425723672,7.32549890651311
"127",0.0872284595388919,0.23463822552003,0.929053627187386,0.96293836645782,0.52345859259367,0.713158576050773,0.00367064215242863,0.444207870634273,0.335442768642679,0.257475246908143,4.62685425180591
"128",0.829529194161296,0.63620054977946,0.222194520756602,0.438352861907333,0.647555115865543,0.282485882751644,0.344810598762706,0.263904984109104,0.497619262663648,0.458326719002798,8.65628958739445
"129",0.0753855721559376,0.160852657398209,0.53619072586298,0.487654199590907,0.486627947539091,0.171716608572751,0.53597593633458,0.179524924140424,0.210650003049523,0.57482434855774,4.94349218888066
"130",0.53774831420742,0.633142438251525,0.460664581973106,0.239463373320177,0.842342337360606,0.955899064894766,0.766402729554102,0.482254103757441,0.889187664026394,0.79040012974292,8.0551532979351
"131",0.223480173153803,0.689667854690924,0.137343029957265,0.28914590459317,0.502478145528585,0.314225143287331,0.935710944933817,0.0743541023693979,0.86976204928942,0.0196510043460876,6.46968446199092
"132",0.72427857061848,0.535603969590738,0.661999142263085,0.0402700020931661,0.998951058136299,0.578440993092954,0.491817326517776,0.22100325091742,0.574501586612314,0.429924356751144,7.98279607075012
"133",0.893512533279136,0.87950384337455,0.401664355769753,0.0699581608641893,0.36002370971255,0.350881876656786,0.309542414732277,0.682526373770088,0.103265097597614,0.872135475743562,8.43153941352153
"134",0.0520993336103857,0.553925338899717,0.849936202168465,0.293218990787864,0.0535572485532612,0.93376451684162,0.378146411618218,0.9294356580358,0.118028284749016,0.641434980323538,3.11853039012652
"135",0.614615099737421,0.011263043852523,0.69727109093219,0.536879129940644,0.17605875316076,0.363683873554692,0.672122380696237,0.241221576696262,0.996895307209343,0.984609892824665,7.19407457070635
"136",0.711877591442317,0.341035893652588,0.550598810426891,0.368480739882216,0.975281739840284,0.490729234414175,0.91466836608015,0.465173957170919,0.650108811212704,0.535269727697596,8.22331340938818
"137",0.752047416754067,0.47251839353703,0.852677845396101,0.295822286047041,0.255841553444043,0.867397281108424,0.789183449465781,0.558997295796871,0.838459988823161,0.632734354352579,7.27069963483353
"138",0.293163914233446,0.497055674903095,0.748875128570944,0.97365346015431,0.707762494217604,0.833699735347182,0.144008862087503,0.421308917691931,0.0967936154920608,0.282067464664578,4.87246553055081
"139",0.0298938329797238,0.9282854674384,0.593263531802222,0.422956927679479,0.57754368125461,0.287845053477213,0.030294111231342,0.712849483126774,0.213752997573465,0.622358045075089,5.11423019805651
"140",0.222027607727796,0.324069820344448,0.778559898724779,0.989129079971462,0.87349664978683,0.649190936703235,0.932861232664436,0.724543155636638,0.190923575079069,0.459075890481472,5.3627098541453
"141",0.771847248310223,0.110086300643161,0.825103805167601,0.166842753067613,0.408055420964956,0.086436974350363,0.903701819246635,0.945922012673691,0.734522100770846,0.686647353926674,7.72661198620973
"142",0.831727859331295,0.51739226328209,0.776012035785243,0.632520290557295,0.380192528478801,0.203820759430528,0.310572627000511,0.567143211839721,0.451157202478498,0.0967082681600004,7.27240506372509
"143",0.241890605771914,0.891591270919889,0.174608813365921,0.826319213723764,0.324380964972079,0.108175659785047,0.231873133219779,0.548870300874114,0.581326647661626,0.279875730164349,5.53531974511326
"144",0.907970951404423,0.533472323324531,0.306358952308074,0.158270520390943,0.273260514251888,0.732201639562845,0.962070774054155,0.853322943206877,0.381898049032316,0.0489618154242635,8.30585408233258
"145",0.266982505563647,0.195656230207533,0.535978734260425,0.0444144287612289,0.258540545590222,0.376176160061732,0.578061213018373,0.0863911551423371,0.234445777023211,0.600518559105694,4.60988081111893
"146",0.868023099144921,0.0542000324930996,0.497111880220473,0.536512634484097,0.745501180877909,0.379852537531406,0.656178906792775,0.478265087585896,0.922671830980107,0.469477953389287,9.87931920143763
"147",0.117357118753716,0.512035212712362,0.280843162210658,0.535031291656196,0.418430099496618,0.464650473790243,0.377709485590458,0.4928586659953,0.77583980280906,0.328621127875522,5.97844850747783
"148",0.867170627927408,0.660787601722404,0.975815302925184,0.159403584897518,0.00375151075422764,0.666789749404415,0.844706868287176,0.447475524386391,0.502531715203077,0.911495668115094,6.7620426351511
"149",0.721125166863203,0.538108122302219,0.884047365281731,0.842820504913107,0.0415466041304171,0.158108609262854,0.281455745222047,0.0237429186236113,0.118218059418723,0.0525302444584668,4.26075244349189
"150",0.629380839411169,0.0772461507003754,0.339058822952211,0.724147235974669,0.960484483744949,0.716342866187915,0.00955185340717435,0.937794212251902,0.0306896965485066,0.406970841810107,6.56751400635773
"151",0.0608212237711996,0.467394427862018,0.540528125362471,0.896627919515595,0.928831522120163,0.162022574804723,0.469847260508686,0.298426618566737,0.164454782847315,0.233488839352503,5.3617243929519
"152",0.235644433414564,0.743080033222213,0.610930560622364,0.0272352232132107,0.0180269756820053,0.840546521125361,0.925541878910735,0.103623845148832,0.030538437422365,0.615215021185577,2.98820206063774
"153",0.537183986278251,0.0333208504598588,0.821617602137849,0.172512852353975,0.460671850480139,0.869508614297956,0.316545288776979,0.103541975608096,0.315023866016418,0.842869869200513,5.91518934343938
"154",0.967901194700971,0.170330992899835,0.791081804316491,0.00485130678862333,0.961701574968174,0.639347149292007,0.451818321133032,0.40192361199297,0.682683988008648,0.0926598720252514,10.8288400136322
"155",0.343412242596969,0.879826243501157,0.53775089699775,0.885797552298754,0.784747872268781,0.347389305941761,0.565955983940512,0.696688920957968,0.973248091293499,0.00398315396159887,6.96131921029345
"156",0.973938826471567,0.239985714899376,0.0485852293204516,0.726484816987067,0.479982600547373,0.230237480020151,0.794505293713883,0.967299322364852,0.150659458944574,0.357971419813111,9.87110750014145
"157",0.295254646101967,0.407627828186378,0.47387635987252,0.0709059238433838,0.922443798044696,0.794471723260358,0.884994663065299,0.272004586178809,0.0660404236987233,0.301910229260102,5.45643999594817
"158",0.360678876983002,0.10267819580622,0.609580998541787,0.554994668578729,0.589500198373571,0.14830396999605,0.0252966394182295,0.17552183684893,0.0751598055940121,0.602434576489031,5.13036031479272
"159",0.214999231742695,0.910268486244604,0.386423393385485,0.052283470518887,0.865118834888563,0.364388231188059,0.425070596160367,0.460639793192968,0.276751772966236,0.361109091900289,5.82402627493068
"160",0.420577836921439,0.745132646756247,0.232249716296792,0.0182027716655284,0.509366259677336,0.050520421937108,0.575823436258361,0.476131686242297,0.734513850649819,0.387298396555707,6.56408402011387
"161",0.749036037828773,0.115327512612566,0.237707184627652,0.753216792130843,0.763420482631773,0.549405101686716,0.369743513176218,0.732105872826651,0.20092271338217,0.162126204930246,7.31097169268973
"162",0.299226120812818,0.129130527144298,0.638968797167763,0.131497900700197,0.892637748038396,0.544988577952608,0.697909242706373,0.888477890985087,0.298731667455286,0.649437019135803,6.04585698066558
"163",0.032006500987336,0.211050187703222,0.721441478002816,0.716583342757076,0.83008789550513,0.731277802027762,0.655348941450939,0.0650334842503071,0.924891547998413,0.320325377164409,6.57878348214343
"164",0.969376947497949,0.476583439623937,0.30240595061332,0.197972455527633,0.337759122252464,0.624710837844759,0.803796118823811,0.506096088793129,0.226436924887821,0.935736160725355,10.0993092963423
"165",0.922016155906022,0.861785632325336,0.413973369868472,0.157921973848715,0.932580141583458,0.0908456419128925,0.289437213446945,0.853331215213984,0.80682932282798,0.94728376227431,11.4908264648627
"166",0.275865471689031,0.718907115748152,0.963435654295608,0.419037045678124,0.56188000459224,0.0719041111879051,0.983801347669214,0.307331301504746,0.701614244608209,0.0791466201189905,5.50439519013746
"167",0.384382971329615,0.648333135759458,0.260467724874616,0.64922941592522,0.207388971699402,0.685272986069322,0.530420835828409,0.779637266183272,0.969967060722411,0.575962540926412,6.34156905249406
"168",0.641595782944933,0.923488249536604,0.697090469999239,0.00287815672345459,0.489308415912092,0.090810161549598,0.15445069805719,0.438049720134586,0.722238109679893,0.117494174046442,6.66220890860183
"169",0.100972835207358,0.244206841103733,0.0306242953520268,0.616884281393141,0.661922991741449,0.0874051887076348,0.201673227595165,0.759195119841024,0.414921374758705,0.236292394110933,5.93714439696746
"170",0.13768119039014,0.811497280141339,0.329948346596211,0.387338369386271,0.652794839348644,0.511189654236659,0.403759228531271,0.89352046744898,0.672873949632049,0.330479109659791,6.22192995730615
"171",0.32317524519749,0.428260061889887,0.811638012295589,0.590312109561637,0.422225645976141,0.317584305070341,0.980024731950834,0.0397912627086043,0.0714960296172649,0.973986724158749,5.09613003747182
"172",0.791490298695862,0.342755124438554,0.507969104219228,0.746869622729719,0.77340830815956,0.183125728974119,0.0944928382523358,0.372630658326671,0.70513450121507,0.735920072067529,8.95333981516626
"173",0.616664971457794,0.74951491644606,0.917539414949715,0.616392897674814,0.727961647789925,0.574163781711832,0.796921161003411,0.534901643870398,0.816526302834973,0.0212970834691077,6.95985145239387
"174",0.865996832028031,0.443564467364922,0.126196500612423,0.73547344468534,0.670979788294062,0.761920969700441,0.0338343568146229,0.369757210602984,0.0722463820129633,0.331931922817603,8.27599256317023
"175",0.0683315622154623,0.476243362063542,0.63016664609313,0.667976804776117,0.590559393865988,0.425794984446838,0.300783604616299,0.331934110727161,0.527456524781883,0.126164409564808,5.37771610520589
"176",0.42684249789454,0.0548561927862465,0.371202481212094,0.996158023364842,0.974190241890028,0.927713443292305,0.116619892185554,0.584394996520132,0.31545721529983,0.0643884004093707,6.27615627973365
"177",0.139791605295613,0.717205269029364,0.0774072986096144,0.292044213740155,0.106822016416118,0.339253239100799,0.311014149570838,0.352984055876732,0.256517654052004,0.731779201887548,4.62038058881177
"178",0.654661474050954,0.223593916743994,0.37931025121361,0.705199224408716,0.867787822149694,0.945035090204328,0.503672624239698,0.636194336693734,0.874751410912722,0.387102252338082,8.18626199390395
"179",0.961863839300349,0.918167920550331,0.291753446916118,0.452497688122094,0.174322699196637,0.825559434248134,0.329505693167448,0.388781571295112,0.0782294948585331,0.804107138654217,8.95046706971847
"180",0.304833242669702,0.884919228032231,0.861267090542242,0.594721504952759,0.365430492442101,0.961694923462346,0.621391158550978,0.762664007488638,0.934143886202946,0.0741302189417183,5.66841288519938
"181",0.171397851314396,0.299105123616755,0.602551249787211,0.617755417479202,0.279272516956553,0.567773631773889,0.50112375523895,0.545540546998382,0.217403915012255,0.263479800429195,4.18564973099339
"182",0.254857874941081,0.170557150617242,0.298453682800755,0.949042991735041,0.154669860610738,0.398197667906061,0.653705771546811,0.630375415552408,0.646914263023064,0.0206058721523732,4.95212449882344
"183",0.663598294602707,0.980062569025904,0.0658070889767259,0.360109708504751,0.393452693708241,0.921797942603007,0.51715515460819,0.5810221133288,0.631564391776919,0.37504701805301,7.13469674629159
"184",0.667852889746428,0.212934084003791,0.00560899567790329,0.021475285757333,0.883097378071398,0.743054235354066,0.0275564689654857,0.192111564800143,0.778373218839988,0.820734290406108,8.98014686349966
"185",0.0449081426486373,0.355534393107519,0.136003278428689,0.53232444729656,0.808659632923082,0.245765706524253,0.739057581406087,0.716045341454446,0.809623976470903,0.611534311436117,7.17069538077618
"186",0.134771936805919,0.646161495009437,0.20122718019411,0.862199668539688,0.424541066400707,0.903368731494993,0.579097561538219,0.652831131825224,0.794506019214168,0.493286506505683,6.25506228882799
"187",0.932614605408162,0.718351291492581,0.348475461127236,0.775194502202794,0.315811868291348,0.276064600562677,0.266524581937119,0.722163179889321,0.471144727198407,0.695617972873151,9.43314526048291
"188",0.0131628171075135,0.915566340554506,0.632567338179797,0.301244373200461,0.666306080995128,0.558125365758315,0.66383869946003,0.3501912583597,0.70872707827948,0.936860066838562,6.7170208232284
"189",0.369119736598805,0.32999265100807,0.297027569031343,0.100773142417893,0.855736358789727,0.414402363589033,0.657348380656913,0.0154407571535558,0.653692743973807,0.359601321397349,6.85190813749292
"190",0.125217452878132,0.00481085618957877,0.210080496966839,0.0753040094859898,0.732829974032938,0.55566242011264,0.953635021112859,0.490727412747219,0.721883629215881,0.146636460674927,6.48635547931399
"191",0.0132077198941261,0.927919800626114,0.776344175916165,0.838325830642134,0.544976028380916,0.580164747778326,0.805829444667324,0.997444280190393,0.656292509753257,0.503487652633339,5.6115858288389
"192",0.551786530762911,0.28055846132338,0.759195449529216,0.706086982274428,0.0318111714441329,0.164282579673454,0.527482224628329,0.530331415589899,0.705171181587502,0.465901446295902,4.81369693098883
"193",0.147037092596292,0.0853804415091872,0.50398618192412,0.633005194133148,0.0360578885301948,0.363686777185649,0.0691109977196902,0.885760789969936,0.968440306372941,0.240268899826333,4.74035614310293
"194",0.576511240797117,0.982395288767293,0.380446457536891,0.394683734513819,0.0792962773703039,0.688201530370861,0.394553479272872,0.679099309723824,0.45083392993547,0.992345060687512,5.85408162978967
"195",0.482350494945422,0.871376243652776,0.865531655959785,0.984091239981353,0.59681300772354,0.900297793326899,0.945592604810372,0.448812604416162,0.0655109805520624,0.393185269553214,4.93025064712518
"196",0.303182059898973,0.774204196408391,0.322198609588668,0.483822087757289,0.868456398602575,0.387402354273945,0.915462115779519,0.828788340790197,0.370820275507867,0.932566589675844,6.92065032142562
"197",0.827866674866527,0.689722812501714,0.806401594541967,0.266501349862665,0.568423336138949,0.260053728939965,0.863054773071781,0.730182779254392,0.574745011283085,0.558045911369845,8.16122622255017
"198",0.65148106822744,0.253048099810258,0.635549461934716,0.987302302848548,0.300984284840524,0.0788396003190428,0.551038269652054,0.561733868438751,0.00202702730894089,0.901941738789901,5.68244546026428
"199",0.808912221109495,0.69962571747601,0.922769252210855,0.0810056335758418,0.310562970116735,0.403794118436053,0.851012879051268,0.786072129849344,0.698600525036454,0.532641819911078,7.4784570890253
"200",0.662044321186841,0.421019235625863,0.0527097564190626,0.183043356984854,0.09241564408876,0.0238830782473087,0.303711100015789,0.719688422046602,0.949559161439538,0.276252104435116,6.74023721708081
